{
  "name": "angular-animate",
  "version": "1.6.1",
  "license": "MIT",
  "main": "./angular-animate.js",
  "ignore": [],
  "dependencies": {
    "angular": "1.6.1"
  },
  "homepage": "https://github.com/angular/bower-angular-animate",
  "_release": "1.6.1",
  "_resolution": {
    "type": "version",
    "tag": "v1.6.1",
    "commit": "49a93460f1960dc3936173f1f2d026f89bfef90c"
  },
  "_source": "https://github.com/angular/bower-angular-animate.git",
  "_target": "^1.4.8",
  "_originalSource": "angular-animate"
}