{
  "name": "angular-messages",
  "version": "1.6.1",
  "license": "MIT",
  "main": "./angular-messages.js",
  "ignore": [],
  "dependencies": {
    "angular": "1.6.1"
  },
  "homepage": "https://github.com/angular/bower-angular-messages",
  "_release": "1.6.1",
  "_resolution": {
    "type": "version",
    "tag": "v1.6.1",
    "commit": "a23fc65d1b69b91d1d72f0f2889afbd4ac394699"
  },
  "_source": "https://github.com/angular/bower-angular-messages.git",
  "_target": "^1.4.8",
  "_originalSource": "angular-messages"
}